id,first_name,last_name,email,gender,ip_address
1,Shoshanna,McGrouther,smcgrouther0@un.org,Female,160.200.4.121
2,Peder,Brimilcombe,pbrimilcombe1@bloomberg.com,Male,105.124.61.251
3,Edvard,Wrathmall,ewrathmall2@zdnet.com,Male,241.51.56.240
4,Lydon,Angell,langell3@weather.com,Male,225.32.132.46
5,Essie,Magauran,emagauran4@photobucket.com,Female,118.91.112.23
6,Ilyse,Blenkharn,iblenkharn5@angelfire.com,Female,150.121.4.117
7,Karisa,Derham,kderham6@google.ru,Female,238.64.94.227
8,Alexa,Gilders,agilders7@cafepress.com,Female,217.190.116.15
9,Linnell,Kingswood,lkingswood8@google.com.hk,Female,28.63.134.192
10,Bryan,Carslaw,bcarslaw9@squarespace.com,Male,161.80.181.67
11,Oralla,Sivill,osivilla@angelfire.com,Female,137.122.156.188
12,Hally,Moggach,hmoggachb@cnn.com,Female,203.18.74.89
13,Vinny,McCullagh,vmccullaghc@parallels.com,Female,63.210.75.5
14,Gillie,Lunck,glunckd@dedecms.com,Female,40.165.199.170
15,Jud,O'Donohue,jodonohuee@naver.com,Male,67.171.220.136
16,Margaretta,Beneix,mbeneixf@uol.com.br,Female,177.190.65.31
17,Babara,Fairfoot,bfairfootg@odnoklassniki.ru,Female,126.6.25.21
18,Nell,Ruprich,nruprichh@blog.com,Female,6.140.227.185
19,Gabrielle,Boldock,gboldocki@wsj.com,Female,44.164.41.222
20,Carita,Bartolomeotti,cbartolomeottij@linkedin.com,Female,101.185.27.73
21,Annabelle,Varren,avarrenk@gnu.org,Female,17.154.254.56
22,Leonanie,Ritson,lritsonl@stumbleupon.com,Female,221.145.242.98
23,Kaitlynn,Sheldrake,ksheldrakem@ameblo.jp,Female,193.198.138.144
24,Lucias,Odger,lodgern@soundcloud.com,Male,251.236.166.186
25,Augustin,Ballance,aballanceo@kickstarter.com,Male,58.208.74.86
26,Jory,Grandison,jgrandisonp@msu.edu,Male,75.219.87.161
27,Letitia,Fayre,lfayreq@nps.gov,Female,108.208.191.185
28,Bronson,Korba,bkorbar@diigo.com,Male,55.146.36.53
29,Anallese,Hazeldene,ahazeldenes@who.int,Female,194.130.49.63
30,Charlton,Zipsell,czipsellt@google.co.jp,Male,26.227.123.4
31,Libbey,Bottrell,lbottrellu@dmoz.org,Female,134.215.160.20
32,Konstantin,Curl,kcurlv@infoseek.co.jp,Male,148.238.7.245
33,Giordano,Hockell,ghockellw@example.com,Male,43.83.120.187
34,Sherri,Dekeyser,sdekeyserx@youku.com,Female,215.102.124.45
35,Rowland,Rennie,rrenniey@ucsd.edu,Male,230.204.147.51
36,Bev,Gillingwater,bgillingwaterz@wikimedia.org,Female,210.19.37.223
37,Elfrieda,Ommundsen,eommundsen10@mysql.com,Female,234.246.105.230
38,Davy,Anker,danker11@flickr.com,Male,253.188.245.251
39,Chrisy,Kilner,ckilner12@vimeo.com,Male,197.204.133.207
40,Cassi,Paunton,cpaunton13@123-reg.co.uk,Female,134.157.149.133
41,Serena,Crucitti,scrucitti14@unesco.org,Female,99.145.158.51
42,Lita,Verling,lverling15@privacy.gov.au,Female,36.205.50.119
43,Aeriell,Abrahams,aabrahams16@ustream.tv,Female,6.88.238.239
44,Conn,Byars,cbyars17@yahoo.com,Male,154.173.96.82
45,Aryn,De Zamudio,adezamudio18@technorati.com,Female,97.172.164.181
46,Brenna,Mumm,bmumm19@theatlantic.com,Female,72.59.247.168
47,Odell,Fassam,ofassam1a@amazonaws.com,Male,20.174.66.97
48,Judas,Mordy,jmordy1b@sakura.ne.jp,Male,189.80.51.135
49,Rozina,Kestin,rkestin1c@github.com,Female,242.165.126.49
50,Gretchen,Poad,gpoad1d@ustream.tv,Female,25.41.4.194
51,Marwin,Neilands,mneilands1e@a8.net,Male,129.68.172.40
52,Clevie,Poulgreen,cpoulgreen1f@last.fm,Male,160.183.71.234
53,Nero,Deniscke,ndeniscke1g@vinaora.com,Male,223.165.27.104
54,Daveta,South,dsouth1h@t.co,Female,140.22.110.22
55,Lizzy,Lowden,llowden1i@4shared.com,Female,164.102.197.49
56,Jdavie,Bruty,jbruty1j@webs.com,Male,3.60.123.148
57,Ki,Spyby,kspyby1k@wp.com,Female,139.43.152.245
58,Irita,Elcy,ielcy1l@domainmarket.com,Female,37.234.228.10
59,Duffie,Spinley,dspinley1m@google.com.br,Male,190.88.5.241
60,Antons,Bligh,abligh1n@accuweather.com,Male,186.119.180.152
61,Lavinie,Gilhooley,lgilhooley1o@comcast.net,Female,243.70.86.78
62,Dillon,Linning,dlinning1p@google.com.br,Male,217.202.122.110
63,Darice,Jukubczak,djukubczak1q@pen.io,Female,7.19.148.183
64,Amble,Aloway,aaloway1r@vk.com,Male,186.112.171.0
65,Ninetta,Dolman,ndolman1s@cisco.com,Female,171.170.61.119
66,Addi,Tomet,atomet1t@ycombinator.com,Female,29.12.207.98
67,Bernard,Fenelow,bfenelow1u@nba.com,Male,106.119.127.100
68,Karrie,Bradwell,kbradwell1v@webs.com,Female,251.37.101.34
69,Henriette,Stockford,hstockford1w@ovh.net,Female,132.38.61.157
70,Karrie,Neachell,kneachell1x@soundcloud.com,Female,133.183.77.155
71,Kathryn,Barbary,kbarbary1y@scribd.com,Female,11.161.140.213
72,Nelly,Purdie,npurdie1z@twitter.com,Female,159.118.46.125
73,Lelah,Pibworth,lpibworth20@miitbeian.gov.cn,Female,155.162.183.163
74,Lisle,Castello,lcastello21@va.gov,Male,76.201.244.221
75,Klaus,Ludovico,kludovico22@xrea.com,Male,99.60.126.142
76,Ferd,Coxon,fcoxon23@huffingtonpost.com,Male,90.45.141.211
77,Eileen,Coath,ecoath24@zdnet.com,Female,72.168.61.25
78,Katti,Manginot,kmanginot25@scribd.com,Female,89.113.141.223
79,Ewell,Twinning,etwinning26@dmoz.org,Male,65.57.131.241
80,Haleigh,Tonepohl,htonepohl27@cnbc.com,Male,36.38.213.159
81,Dalt,Kirkam,dkirkam28@dailymail.co.uk,Male,154.243.153.84
82,Bord,Switland,bswitland29@alibaba.com,Male,140.139.73.128
83,Dyan,Wetheril,dwetheril2a@aboutads.info,Female,135.8.185.124
84,Joannes,Kinnar,jkinnar2b@cnbc.com,Female,61.103.246.121
85,Druci,Reape,dreape2c@freewebs.com,Female,59.189.238.35
86,Opaline,Morando,omorando2d@stanford.edu,Female,124.49.228.67
87,Vitia,Waddie,vwaddie2e@paginegialle.it,Female,139.38.88.69
88,Roi,Akid,rakid2f@cargocollective.com,Male,171.26.22.132
89,Manfred,Gockeler,mgockeler2g@amazonaws.com,Male,31.53.124.11
90,Alene,Molyneaux,amolyneaux2h@paginegialle.it,Female,50.147.171.68
91,Maryann,Franklen,mfranklen2i@uiuc.edu,Female,194.129.233.30
92,Aubrie,Camilio,acamilio2j@cbslocal.com,Female,160.235.116.87
93,Shay,Artus,sartus2k@marketwatch.com,Male,241.116.241.88
94,Brande,McRobbie,bmcrobbie2l@ted.com,Female,105.112.185.172
95,Goldina,Palek,gpalek2m@photobucket.com,Female,59.151.116.6
96,Mannie,Dimitrie,mdimitrie2n@mayoclinic.com,Male,39.129.186.123
97,Beckie,Meller,bmeller2o@unc.edu,Female,16.217.232.92
98,Aurelia,Pardal,apardal2p@businessinsider.com,Female,226.182.7.203
99,Myer,Gilford,mgilford2q@newyorker.com,Male,232.86.163.107
100,Alfie,Fieldgate,afieldgate2r@bluehost.com,Female,179.247.65.23
101,Katha,Bertlin,kbertlin2s@spiegel.de,Female,238.138.94.32
102,Marietta,Bulled,mbulled2t@sfgate.com,Female,91.199.219.155
103,Rubina,Kardos-Stowe,rkardosstowe2u@behance.net,Female,228.82.186.88
104,Catha,Anger,canger2v@un.org,Female,206.197.81.26
105,Kinnie,Riddell,kriddell2w@amazon.co.uk,Male,30.30.99.5
106,Elia,Dyde,edyde2x@smugmug.com,Male,112.85.80.35
107,Kimball,Eliet,keliet2y@toplist.cz,Male,100.128.184.107
108,Tull,Woodruffe,twoodruffe2z@xinhuanet.com,Male,103.125.78.167
109,Miles,Eardley,meardley30@hexun.com,Male,149.83.31.221
110,Zena,Pardoe,zpardoe31@sohu.com,Female,138.144.55.154
111,Celestyna,Burchett,cburchett32@businesswire.com,Female,26.161.59.154
112,Renard,Pavie,rpavie33@fotki.com,Male,138.46.89.126
113,Dorolisa,Lecount,dlecount34@omniture.com,Female,126.57.253.96
114,Miran,Besnardeau,mbesnardeau35@instagram.com,Female,174.251.28.66
115,Jameson,Ashman,jashman36@phpbb.com,Male,10.136.77.17
116,Carr,Lochet,clochet37@yandex.ru,Male,99.93.251.9
117,Donia,Jurgen,djurgen38@forbes.com,Female,23.96.5.231
118,Yale,Copnell,ycopnell39@over-blog.com,Male,19.8.122.119
119,Ossie,Venner,ovenner3a@taobao.com,Male,67.185.200.174
120,Cammy,Silbersak,csilbersak3b@un.org,Female,15.193.30.190
121,Alastair,Di Biasio,adibiasio3c@engadget.com,Male,212.62.74.28
122,Anselma,Iczokvitz,aiczokvitz3d@techcrunch.com,Female,70.171.101.99
123,Werner,Coots,wcoots3e@yale.edu,Male,177.159.234.158
124,Gui,Emblin,gemblin3f@fastcompany.com,Female,35.46.40.59
125,Clary,Stanier,cstanier3g@tuttocitta.it,Female,53.198.193.87
126,Sammy,Walesa,swalesa3h@e-recht24.de,Male,118.153.56.208
127,Jessika,Whannel,jwhannel3i@mtv.com,Female,43.198.107.81
128,Fanni,Halshaw,fhalshaw3j@jalbum.net,Female,17.185.29.192
129,Ashleigh,Burdikin,aburdikin3k@slate.com,Female,52.217.228.206
130,Morgan,Lippiatt,mlippiatt3l@amazon.de,Male,97.227.119.20
131,Wells,Franz,wfranz3m@elegantthemes.com,Male,113.230.69.164
132,Ramonda,Kerner,rkerner3n@theglobeandmail.com,Female,142.147.135.128
133,Tynan,Cowwell,tcowwell3o@hugedomains.com,Male,94.90.175.127
134,Issiah,Hatley,ihatley3p@gmpg.org,Male,87.152.187.107
135,Garwin,Phifer,gphifer3q@google.it,Male,25.35.152.27
136,Ailene,Duffie,aduffie3r@cmu.edu,Female,212.245.151.163
137,Toni,Pierri,tpierri3s@feedburner.com,Female,35.31.53.50
138,Shay,Leer,sleer3t@discovery.com,Female,50.36.61.205
139,Lilli,Swatton,lswatton3u@storify.com,Female,17.64.99.199
140,Christie,Wookey,cwookey3v@phoca.cz,Male,48.243.76.95
141,Bud,Spirritt,bspirritt3w@yellowbook.com,Male,231.199.28.224
142,Aindrea,Sudran,asudran3x@discuz.net,Female,143.200.208.224
143,Ingeberg,Anders,ianders3y@dailymail.co.uk,Female,139.94.106.42
144,Piotr,Scawn,pscawn3z@mayoclinic.com,Male,142.64.228.188
145,Herminia,Sowrah,hsowrah40@goo.ne.jp,Female,39.114.150.122
146,Bale,O'Corrane,bocorrane41@squarespace.com,Male,203.225.197.244
147,Brig,Paulusch,bpaulusch42@cisco.com,Male,102.157.248.187
148,Waverley,Dullingham,wdullingham43@amazon.de,Male,218.159.148.50
149,Nomi,Zannotelli,nzannotelli44@ftc.gov,Female,171.190.4.209
150,Andrei,Breedy,abreedy45@flavors.me,Female,202.141.245.17
151,Anna-maria,Leathley,aleathley46@godaddy.com,Female,203.230.132.156
152,Richie,Trematick,rtrematick47@trellian.com,Male,64.52.166.15
153,Sheela,Callan,scallan48@comsenz.com,Female,98.235.81.75
154,Ibby,Conway,iconway49@redcross.org,Female,125.84.223.247
155,Leola,Balls,lballs4a@bluehost.com,Female,111.45.108.249
156,Erl,Yard,eyard4b@army.mil,Male,154.73.210.109
157,Ardelle,Wilmott,awilmott4c@dot.gov,Female,233.204.189.138
158,Roberta,Showte,rshowte4d@nsw.gov.au,Female,119.92.211.224
159,Maryjo,Longstaffe,mlongstaffe4e@phpbb.com,Female,4.224.82.74
160,Alistair,Ivankin,aivankin4f@google.com.br,Male,241.16.250.51
161,Yancey,Ceeley,yceeley4g@census.gov,Male,19.140.56.73
162,Lory,Petegre,lpetegre4h@theglobeandmail.com,Female,64.115.163.243
163,Payton,Roakes,proakes4i@wired.com,Male,45.87.81.149
164,Joye,Ong,jong4j@seesaa.net,Female,120.241.216.243
165,Ivory,Scrancher,iscrancher4k@merriam-webster.com,Female,70.79.56.253
166,Wallache,Lewson,wlewson4l@ucsd.edu,Male,55.211.205.44
167,Creighton,Londors,clondors4m@admin.ch,Male,107.127.35.187
168,Spence,Spitell,sspitell4n@gnu.org,Male,237.124.28.254
169,Rozina,Pattie,rpattie4o@java.com,Female,117.47.189.87
170,Joletta,Seely,jseely4p@altervista.org,Female,51.178.149.131
171,Marjie,Joyce,mjoyce4q@smh.com.au,Female,82.32.13.84
172,Sarina,Shurman,sshurman4r@liveinternet.ru,Female,109.145.41.180
173,Louise,Pitrollo,lpitrollo4s@canalblog.com,Female,14.83.14.43
174,Nomi,Bibby,nbibby4t@boston.com,Female,110.219.44.33
175,Jandy,Malt,jmalt4u@paypal.com,Female,116.130.206.152
176,Alexi,Mumm,amumm4v@yahoo.co.jp,Female,160.118.205.138
177,Alyssa,Pozzo,apozzo4w@google.de,Female,19.132.218.89
178,Xaviera,Flageul,xflageul4x@biglobe.ne.jp,Female,29.202.2.59
179,Tailor,Baggallay,tbaggallay4y@webeden.co.uk,Male,46.80.87.246
180,Melba,Rainey,mrainey4z@spiegel.de,Female,39.79.188.163
181,Candace,Gussie,cgussie50@icq.com,Female,105.21.106.34
182,Donnell,Ramsier,dramsier51@chronoengine.com,Male,60.214.143.61
183,Candide,Behne,cbehne52@domainmarket.com,Female,248.4.143.13
184,Trevar,Faux,tfaux53@reverbnation.com,Male,189.124.162.243
185,Dwain,Rockwell,drockwell54@icq.com,Male,96.171.111.67
186,Angele,Menco,amenco55@icio.us,Female,246.39.63.92
187,Ofelia,Duckham,oduckham56@themeforest.net,Female,212.215.80.25
188,Sheilah,Gransden,sgransden57@un.org,Female,40.35.102.140
189,Joell,Glentworth,jglentworth58@about.com,Female,211.237.75.13
190,Aymer,Adamsky,aadamsky59@state.gov,Male,252.144.192.195
191,Jimmie,Harefoot,jharefoot5a@tripod.com,Male,18.112.50.86
192,Mirna,Restill,mrestill5b@msn.com,Female,24.178.193.103
193,Niki,Adamczyk,nadamczyk5c@netvibes.com,Female,138.201.29.156
194,Germana,Ducker,gducker5d@about.me,Female,236.32.118.29
195,Hamil,Stouther,hstouther5e@nih.gov,Male,95.5.32.132
196,Elga,Thirst,ethirst5f@example.com,Female,39.43.184.184
197,Bertrand,Shelper,bshelper5g@chronoengine.com,Male,24.2.199.89
198,Silvan,Longfield,slongfield5h@infoseek.co.jp,Male,7.43.0.185
199,Jamesy,Mallya,jmallya5i@is.gd,Male,227.133.123.93
200,Penelope,Lambird,plambird5j@artisteer.com,Female,192.153.97.137
201,Robbie,Crass,rcrass5k@prlog.org,Female,65.241.165.110
202,Vitoria,Gerssam,vgerssam5l@si.edu,Female,220.26.140.140
203,Alasdair,Teodorski,ateodorski5m@drupal.org,Male,180.76.167.174
204,Lianne,Shearmer,lshearmer5n@instagram.com,Female,216.190.104.16
205,Stirling,Elwin,selwin5o@artisteer.com,Male,248.89.69.232
206,Lea,Shambrooke,lshambrooke5p@reference.com,Female,192.33.178.131
207,Davidson,Jacop,djacop5q@yahoo.com,Male,130.253.160.119
208,Eddi,Birden,ebirden5r@goo.ne.jp,Female,92.8.66.35
209,Chadwick,Curneen,ccurneen5s@ocn.ne.jp,Male,86.12.25.137
210,Aretha,Toffolini,atoffolini5t@wired.com,Female,189.156.254.13
211,Everard,Peinke,epeinke5u@redcross.org,Male,219.26.43.65
212,Letty,Nulty,lnulty5v@si.edu,Female,122.138.30.192
213,Grissel,O'Leahy,goleahy5w@51.la,Female,77.44.91.152
214,Ignacio,Tomich,itomich5x@narod.ru,Male,118.117.142.154
215,Keri,Wallach,kwallach5y@guardian.co.uk,Female,224.143.17.239
216,Ottilie,Blayd,oblayd5z@indiatimes.com,Female,27.148.252.141
217,Alejandrina,Stanislaw,astanislaw60@weebly.com,Female,11.32.22.254
218,Dru,Blakeman,dblakeman61@nhs.uk,Female,15.23.254.196
219,Brigitte,Willsmore,bwillsmore62@vkontakte.ru,Female,161.70.167.40
220,Wallas,Lampbrecht,wlampbrecht63@about.me,Male,133.40.136.180
221,Demeter,Strickett,dstrickett64@cam.ac.uk,Female,228.248.251.115
222,Heinrick,Preto,hpreto65@salon.com,Male,49.130.171.122
223,Aldus,Simonazzi,asimonazzi66@umich.edu,Male,238.11.2.111
224,Roch,Lidden,rlidden67@phpbb.com,Female,249.45.229.217
225,Orrin,Salliere,osalliere68@google.ru,Male,11.226.121.109
226,Ora,Mertel,omertel69@google.com.br,Female,155.177.52.41
227,Remy,Mingay,rmingay6a@fotki.com,Female,28.3.48.121
228,Manfred,Zorzenoni,mzorzenoni6b@mysql.com,Male,184.235.94.58
229,Nicko,Cumbridge,ncumbridge6c@odnoklassniki.ru,Male,94.19.127.101
230,Nat,Moquin,nmoquin6d@xrea.com,Male,208.101.162.204
231,Reade,Fotitt,rfotitt6e@wikia.com,Male,192.178.188.72
232,Iain,Ditts,iditts6f@amazon.co.jp,Male,147.247.3.33
233,Daven,Woloschinski,dwoloschinski6g@quantcast.com,Male,120.162.240.45
234,Danita,Chmarny,dchmarny6h@japanpost.jp,Female,6.237.228.113
235,Lorri,Dogg,ldogg6i@springer.com,Female,132.69.96.21
236,Meriel,Dottridge,mdottridge6j@java.com,Female,137.168.161.172
237,Tatum,Gudahy,tgudahy6k@a8.net,Female,59.98.109.166
238,Jesselyn,Whitehurst,jwhitehurst6l@webnode.com,Female,108.164.33.185
239,Kinsley,Eck,keck6m@yelp.com,Male,133.185.177.232
240,Boycie,Dorrian,bdorrian6n@youtu.be,Male,126.248.126.2
241,Carine,Putson,cputson6o@mediafire.com,Female,180.217.14.216
242,Angel,Jeanenet,ajeanenet6p@bandcamp.com,Male,244.255.87.103
243,Salem,Diament,sdiament6q@themeforest.net,Male,237.109.162.49
244,Morena,McShirie,mmcshirie6r@tumblr.com,Female,2.166.126.145
245,Catlee,Boost,cboost6s@imdb.com,Female,175.25.56.95
246,Tito,Sambath,tsambath6t@opera.com,Male,120.21.76.183
247,Whittaker,Cherm,wcherm6u@spiegel.de,Male,58.0.33.238
248,Colly,Kunath,ckunath6v@hao123.com,Female,129.19.188.214
249,Desmond,Walpole,dwalpole6w@cdc.gov,Male,125.102.33.38
250,Berri,Cyples,bcyples6x@businesswire.com,Female,120.95.105.4
251,Brigit,McQuillen,bmcquillen6y@trellian.com,Female,22.17.187.226
252,Stacia,Valentin,svalentin6z@pcworld.com,Female,181.193.228.124
253,Skylar,Sheerin,ssheerin70@ehow.com,Male,218.54.124.22
254,Fenelia,Duley,fduley71@hibu.com,Female,213.57.101.253
255,Isaiah,Torry,itorry72@arstechnica.com,Male,97.210.93.215
256,Hersh,Keiley,hkeiley73@wsj.com,Male,44.163.215.191
257,Gaylor,Oliveras,goliveras74@dropbox.com,Male,137.165.113.53
258,Izzy,Wintersgill,iwintersgill75@hibu.com,Male,145.23.80.233
259,Jemmie,Noweak,jnoweak76@sohu.com,Female,155.50.52.171
260,Enrichetta,Sivil,esivil77@blogger.com,Female,127.66.231.131
261,Astrix,Wolfit,awolfit78@paypal.com,Female,235.31.235.110
262,Nonie,Keyson,nkeyson79@godaddy.com,Female,162.67.66.85
263,Ozzie,Beacock,obeacock7a@huffingtonpost.com,Male,122.4.48.196
264,Lem,Legen,llegen7b@adobe.com,Male,220.125.192.217
265,Celestina,Fields,cfields7c@ovh.net,Female,73.149.132.76
266,Aggi,Nitti,anitti7d@nymag.com,Female,10.45.82.46
267,Brandtr,Melly,bmelly7e@marketwatch.com,Male,41.195.49.215
268,Marlon,Boshier,mboshier7f@ibm.com,Male,243.18.149.187
269,Eldon,Tschierse,etschierse7g@gravatar.com,Male,159.41.163.100
270,Agnola,Marieton,amarieton7h@mail.ru,Female,11.116.84.91
271,Myranda,Esterbrook,mesterbrook7i@netlog.com,Female,230.44.168.235
272,Elwin,Littlewood,elittlewood7j@walmart.com,Male,73.2.103.214
273,Bendick,Samter,bsamter7k@devhub.com,Male,31.8.221.33
274,Rudolfo,Vernham,rvernham7l@typepad.com,Male,183.66.70.17
275,Ilario,Rauprich,irauprich7m@mapy.cz,Male,4.66.70.247
276,Clarice,April,capril7n@de.vu,Female,156.219.67.6
277,Matteo,Loads,mloads7o@geocities.jp,Male,170.8.111.9
278,Aarika,Byles,abyles7p@de.vu,Female,137.145.140.173
279,Polly,Duckhouse,pduckhouse7q@mayoclinic.com,Female,177.136.210.141
280,Corliss,Benneton,cbenneton7r@odnoklassniki.ru,Female,26.0.108.19
281,Harv,Bunston,hbunston7s@techcrunch.com,Male,176.225.73.154
282,Beniamino,Cruwys,bcruwys7t@seattletimes.com,Male,60.250.58.234
283,Jannelle,Townend,jtownend7u@jimdo.com,Female,232.70.15.163
284,Kellen,McMechan,kmcmechan7v@ovh.net,Male,165.118.164.236
285,Aldis,McLeese,amcleese7w@networkadvertising.org,Male,117.130.129.255
286,Petronella,Rockliffe,prockliffe7x@japanpost.jp,Female,78.4.90.10
287,Andrus,Castells,acastells7y@last.fm,Male,123.152.58.129
288,Nevil,Fairney,nfairney7z@jigsy.com,Male,87.104.41.33
289,Chuck,Curnick,ccurnick80@dedecms.com,Male,114.153.107.85
290,Layton,Gemlett,lgemlett81@sina.com.cn,Male,158.67.227.43
291,Benedetto,Sirey,bsirey82@disqus.com,Male,235.182.208.163
292,Wren,McAvinchey,wmcavinchey83@goo.gl,Female,60.64.144.206
293,Dorey,Wilkison,dwilkison84@networkadvertising.org,Male,91.132.154.248
294,Winn,Causbey,wcausbey85@marriott.com,Male,11.16.121.121
295,Roderic,Levings,rlevings86@tinyurl.com,Male,101.233.28.181
296,Emmett,Romain,eromain87@fema.gov,Male,246.101.147.70
297,Nikolaos,Beels,nbeels88@java.com,Male,75.98.115.216
298,Mella,Dils,mdils89@china.com.cn,Female,103.246.4.100
299,Ethelbert,Gates,egates8a@is.gd,Male,227.118.203.212
300,Amelia,Simonou,asimonou8b@exblog.jp,Female,85.194.89.147
301,Uriah,Brunstan,ubrunstan8c@examiner.com,Male,77.20.26.238
302,Colet,Spadotto,cspadotto8d@uol.com.br,Male,145.232.203.66
303,Rabbi,Fritchley,rfritchley8e@blogtalkradio.com,Male,200.87.21.29
304,Harriot,Lochran,hlochran8f@umich.edu,Female,222.75.136.139
305,Nancie,Mollitt,nmollitt8g@yelp.com,Female,109.216.2.37
306,Ebonee,Jaffa,ejaffa8h@a8.net,Female,233.201.225.196
307,Ranna,Osgood,rosgood8i@walmart.com,Female,191.197.169.183
308,Andonis,Weatherhill,aweatherhill8j@china.com.cn,Male,87.54.153.175
309,Bette-ann,Brennon,bbrennon8k@stumbleupon.com,Female,251.163.50.202
310,Zelda,Bryce,zbryce8l@canalblog.com,Female,74.81.114.138
311,Florella,de Grey,fdegrey8m@wsj.com,Female,204.32.156.213
312,Michele,Bensen,mbensen8n@arizona.edu,Male,75.118.34.95
313,Edouard,Bycraft,ebycraft8o@symantec.com,Male,9.124.6.92
314,Reinhard,Monk,rmonk8p@51.la,Male,4.228.54.51
315,Harley,Bancroft,hbancroft8q@ebay.com,Female,226.219.6.94
316,Coleen,Perkis,cperkis8r@vkontakte.ru,Female,222.124.17.32
317,Enrico,Nibley,enibley8s@webmd.com,Male,46.88.186.236
318,Karlis,Jiranek,kjiranek8t@google.pl,Male,56.88.144.23
319,Miguel,Kislingbury,mkislingbury8u@constantcontact.com,Male,65.14.170.138
320,Paulie,O'Noland,ponoland8v@etsy.com,Female,12.177.180.179
321,Naoma,Tunnacliffe,ntunnacliffe8w@shutterfly.com,Female,14.80.84.68
322,Melony,Ambroziak,mambroziak8x@google.de,Female,248.198.107.11
323,Elden,Planque,eplanque8y@unesco.org,Male,249.217.168.2
324,Fawne,Hynson,fhynson8z@paginegialle.it,Female,159.230.58.64
325,Jeri,Juhruke,jjuhruke90@mlb.com,Female,99.161.58.233
326,Sly,Badger,sbadger91@va.gov,Male,162.64.213.170
327,Reade,Hinchshaw,rhinchshaw92@usda.gov,Male,49.207.249.24
328,Saundra,Karolewski,skarolewski93@woothemes.com,Female,255.76.170.179
329,Jessalyn,Mettricke,jmettricke94@nbcnews.com,Female,37.18.225.167
330,Felipe,MacCoughan,fmaccoughan95@icq.com,Male,110.85.13.224
331,Belicia,Standingford,bstandingford96@1688.com,Female,201.67.228.16
332,Gennie,Mullinger,gmullinger97@miibeian.gov.cn,Female,129.32.212.202
333,Lynnell,Bentz,lbentz98@goodreads.com,Female,122.21.242.66
334,Aube,Skipperbottom,askipperbottom99@bigcartel.com,Male,233.65.48.21
335,Lavena,Loines,lloines9a@businessweek.com,Female,247.179.1.246
336,Reid,Kamall,rkamall9b@economist.com,Male,56.239.81.203
337,Ricki,Stell,rstell9c@nymag.com,Female,163.22.226.102
338,Court,Wraxall,cwraxall9d@wikispaces.com,Male,52.150.59.166
339,Pearce,Hendron,phendron9e@hp.com,Male,98.90.247.211
340,Angeli,Garrand,agarrand9f@canalblog.com,Male,239.35.178.185
341,Keven,Havock,khavock9g@hp.com,Male,216.188.94.180
342,Ayn,Faherty,afaherty9h@nifty.com,Female,181.41.212.92
343,Virgie,Yukhtin,vyukhtin9i@weibo.com,Male,3.188.255.29
344,Frederick,Gilpillan,fgilpillan9j@google.com,Male,132.100.65.7
345,Aurie,Smeall,asmeall9k@qq.com,Female,68.201.195.178
346,Deborah,Pressnell,dpressnell9l@dedecms.com,Female,102.201.241.198
347,Mozes,Thurby,mthurby9m@amazonaws.com,Male,185.249.11.179
348,Daisy,De Lacey,ddelacey9n@free.fr,Female,184.219.18.155
349,Zara,Newtown,znewtown9o@sphinn.com,Female,145.66.213.77
350,Wolfgang,Memory,wmemory9p@nytimes.com,Male,197.244.10.149
351,Cob,Mulcahy,cmulcahy9q@zdnet.com,Male,207.201.99.62
352,Ingar,Carillo,icarillo9r@de.vu,Male,111.106.238.151
353,Ferdinande,Hallin,fhallin9s@ucoz.ru,Female,149.94.13.34
354,Eolande,Heimes,eheimes9t@tiny.cc,Female,48.180.116.18
355,Kyle,Hellyar,khellyar9u@nasa.gov,Male,73.92.89.251
356,Wake,Livens,wlivens9v@accuweather.com,Male,163.206.250.60
357,Rona,Rosenbloom,rrosenbloom9w@apache.org,Female,182.193.231.42
358,Tadio,MacArthur,tmacarthur9x@biglobe.ne.jp,Male,96.112.21.250
359,Kent,Smalman,ksmalman9y@free.fr,Male,91.64.54.223
360,Cordi,Starzaker,cstarzaker9z@mtv.com,Female,225.38.203.151
361,Darren,Cocklin,dcocklina0@rediff.com,Male,82.29.92.178
362,Nevin,Moulds,nmouldsa1@canalblog.com,Male,146.100.194.77
363,Loria,Selesnick,lselesnicka2@huffingtonpost.com,Female,161.147.122.133
364,Alex,Levay,alevaya3@slideshare.net,Male,218.250.211.174
365,Reid,Biset,rbiseta4@tumblr.com,Male,149.100.67.248
366,Winna,Geibel,wgeibela5@hao123.com,Female,202.68.243.219
367,Susette,Algore,salgorea6@cdc.gov,Female,195.122.158.79
368,Bentlee,Ducarne,bducarnea7@netscape.com,Male,54.138.187.64
369,Abra,Ralls,arallsa8@boston.com,Female,178.109.75.127
370,Mikey,Owen,mowena9@yandex.ru,Male,8.115.63.233
371,Wat,Sowthcote,wsowthcoteaa@creativecommons.org,Male,170.40.26.83
372,Trisha,Bethel,tbethelab@usnews.com,Female,155.215.241.147
373,Nola,Bernardoux,nbernardouxac@naver.com,Female,189.227.39.148
374,Krystyna,Evelyn,kevelynad@sun.com,Female,15.231.24.3
375,Evan,McEniry,emceniryae@dot.gov,Male,12.95.139.106
376,Sebastian,Bariball,sbariballaf@cyberchimps.com,Male,214.123.225.21
377,Dilly,Showler,dshowlerag@springer.com,Male,237.20.138.177
378,Monroe,Posselow,mposselowah@ask.com,Male,187.70.13.184
379,Seymour,Maleney,smaleneyai@globo.com,Male,237.92.212.156
380,Harland,Torn,htornaj@squarespace.com,Male,203.107.83.128
381,Colline,Meiningen,cmeiningenak@illinois.edu,Female,50.109.218.229
382,Rolph,Bessey,rbesseyal@acquirethisname.com,Male,75.82.53.26
383,Joey,Kegg,jkeggam@bandcamp.com,Female,85.87.230.78
384,Jerrilyn,Nickols,jnickolsan@boston.com,Female,5.220.16.227
385,Abdel,Weeks,aweeksao@nih.gov,Male,182.229.183.22
386,Glen,Cormode,gcormodeap@marriott.com,Female,161.167.37.235
387,Sylvia,Dyer,sdyeraq@ehow.com,Female,163.163.217.108
388,Joe,Ripper,jripperar@google.de,Male,126.237.100.237
389,Kizzee,Postins,kpostinsas@youtu.be,Female,221.203.170.21
390,Else,Rodenhurst,erodenhurstat@blinklist.com,Female,141.47.111.178
391,Sigfrid,Dalgarno,sdalgarnoau@usatoday.com,Male,27.169.105.126
392,Delaney,Wicher,dwicherav@ask.com,Male,8.115.150.181
393,Brunhilde,Freyne,bfreyneaw@elpais.com,Female,200.168.36.90
394,Hilarius,Ibbison,hibbisonax@irs.gov,Male,174.250.37.204
395,Glenda,Duxfield,gduxfielday@de.vu,Female,2.205.236.234
396,Hanna,Praton,hpratonaz@europa.eu,Female,126.81.6.235
397,Boote,Boorn,bboornb0@arizona.edu,Male,97.149.174.88
398,Paco,Sim,psimb1@oracle.com,Male,231.221.146.201
399,Kalle,Merida,kmeridab2@qq.com,Male,92.217.236.150
400,Andeee,Shoebotham,ashoebothamb3@businesswire.com,Female,144.149.6.201
401,Oran,Donald,odonaldb4@toplist.cz,Male,199.61.220.45
402,Darnall,Buckler,dbucklerb5@yandex.ru,Male,59.244.63.19
403,Raychel,Klossek,rklossekb6@sun.com,Female,59.81.187.212
404,Allianora,Plester,aplesterb7@sphinn.com,Female,168.22.52.70
405,Montgomery,Albon,malbonb8@toplist.cz,Male,171.187.79.206
406,Byron,Dawid,bdawidb9@instagram.com,Male,36.158.13.160
407,Zebulon,Trask,ztraskba@deviantart.com,Male,46.250.160.140
408,Clara,Attlee,cattleebb@earthlink.net,Female,153.245.9.195
409,Sylas,Gostage,sgostagebc@cmu.edu,Male,16.175.88.83
410,Sherlocke,Sarfatti,ssarfattibd@noaa.gov,Male,133.250.157.247
411,Aile,Showell,ashowellbe@nba.com,Female,170.39.14.134
412,Abby,McFadzean,amcfadzeanbf@a8.net,Female,206.20.186.49
413,Laureen,Spurman,lspurmanbg@reddit.com,Female,28.157.236.35
414,Katleen,Bartosiak,kbartosiakbh@bizjournals.com,Female,226.179.123.75
415,Christophorus,Twinberrow,ctwinberrowbi@buzzfeed.com,Male,171.124.61.98
416,Sharline,Howlings,showlingsbj@nsw.gov.au,Female,92.27.227.222
417,Andreas,Yakuntzov,ayakuntzovbk@infoseek.co.jp,Male,122.187.46.150
418,Hobard,Edens,hedensbl@devhub.com,Male,119.178.184.122
419,Mikol,Barradell,mbarradellbm@apache.org,Male,153.87.157.219
420,Orion,Stowte,ostowtebn@ovh.net,Male,7.254.54.220
421,Isidore,Spalding,ispaldingbo@sbwire.com,Male,50.182.56.24
422,Isiahi,Bowdon,ibowdonbp@tamu.edu,Male,156.188.34.32
423,Dorelia,Toy,dtoybq@berkeley.edu,Female,65.35.114.77
424,Innis,Pleven,iplevenbr@nymag.com,Male,241.55.33.48
425,Merilee,Prosch,mproschbs@seattletimes.com,Female,162.87.29.252
426,Jess,Cheeld,jcheeldbt@feedburner.com,Female,101.94.96.103
427,Lorry,Prewett,lprewettbu@google.ca,Male,88.27.227.81
428,Ellette,Lettington,elettingtonbv@purevolume.com,Female,125.207.127.74
429,Ber,O'Carney,bocarneybw@pinterest.com,Male,248.95.108.214
430,Morten,Salery,msalerybx@comsenz.com,Male,107.218.124.194
431,Kellen,Gundrey,kgundreyby@cbsnews.com,Male,116.189.166.250
432,Zacharias,Ferras,zferrasbz@bbc.co.uk,Male,245.50.210.230
433,Jaymee,Davidou,jdavidouc0@unicef.org,Female,20.31.96.90
434,Elonore,Hannon,ehannonc1@newyorker.com,Female,40.145.92.200
435,Eugenie,Bengochea,ebengocheac2@myspace.com,Female,215.155.211.117
436,Emmalyn,Badwick,ebadwickc3@yahoo.co.jp,Female,218.197.151.8
437,Hillier,Twidell,htwidellc4@usda.gov,Male,32.65.175.245
438,Kamilah,Waleworke,kwaleworkec5@lycos.com,Female,109.24.114.90
439,Nevins,Golling,ngollingc6@mysql.com,Male,180.50.65.112
440,Tami,Truett,ttruettc7@sogou.com,Female,138.110.201.162
441,Alikee,Tredgold,atredgoldc8@goo.ne.jp,Female,203.195.242.8
442,Delmor,Radloff,dradloffc9@paypal.com,Male,162.0.177.176
443,Binny,Goldfinch,bgoldfinchca@comsenz.com,Female,14.57.64.11
444,Hobart,Laverty,hlavertycb@4shared.com,Male,150.242.196.126
445,Eugenia,Puddifer,epuddifercc@de.vu,Female,22.138.32.136
446,Marco,Hunter,mhuntercd@jugem.jp,Male,16.105.54.40
447,Garik,Bricham,gbrichamce@dropbox.com,Male,79.194.91.75
448,Prissie,Tolchard,ptolchardcf@ovh.net,Female,47.89.187.101
449,Herbie,Nother,hnothercg@ocn.ne.jp,Male,113.236.224.110
450,Cort,Geindre,cgeindrech@omniture.com,Male,18.219.141.186
451,Elizabeth,Braksper,ebraksperci@springer.com,Female,234.53.96.51
452,Zane,Crank,zcrankcj@people.com.cn,Male,61.160.171.149
453,Israel,Coddington,icoddingtonck@reddit.com,Male,2.231.160.4
454,Finn,Azema,fazemacl@storify.com,Male,102.199.46.86
455,Ashley,Paula,apaulacm@reverbnation.com,Male,201.69.54.171
456,Lynnelle,Ongin,longincn@soundcloud.com,Female,217.62.102.226
457,Alexandro,Stolberg,astolbergco@delicious.com,Male,0.177.117.219
458,Kerk,Swatradge,kswatradgecp@reuters.com,Male,220.65.49.10
459,Kizzie,Shevill,kshevillcq@nih.gov,Female,84.3.88.178
460,Tara,Beaufoy,tbeaufoycr@census.gov,Female,17.35.152.153
461,Skyler,Ikringill,sikringillcs@ezinearticles.com,Male,74.11.231.15
462,Lauretta,Hartness,lhartnessct@narod.ru,Female,190.252.135.122
463,Sarette,Culligan,sculligancu@sbwire.com,Female,88.227.191.140
464,Lurline,Doumer,ldoumercv@ebay.co.uk,Female,1.142.116.117
465,Liliane,Andryunin,landryunincw@oakley.com,Female,184.177.146.74
466,Bradney,Tourmell,btourmellcx@ow.ly,Male,48.160.98.25
467,Alford,Russilll,arussilllcy@whitehouse.gov,Male,226.125.5.141
468,Pamela,Hafner,phafnercz@mashable.com,Female,210.175.232.92
469,Lindsay,Nassau,lnassaud0@aol.com,Female,25.71.31.103
470,Tobie,Siburn,tsiburnd1@rambler.ru,Male,131.137.49.249
471,Farlee,Llopis,fllopisd2@stumbleupon.com,Male,107.255.198.210
472,Nani,Ingre,ningred3@census.gov,Female,22.245.117.103
473,Alexio,Larvor,alarvord4@reverbnation.com,Male,16.202.202.132
474,Syman,O' Meara,somearad5@t-online.de,Male,109.10.191.84
475,Minna,Sallowaye,msallowayed6@miitbeian.gov.cn,Female,102.222.69.103
476,Jeremy,Pennini,jpenninid7@dagondesign.com,Male,168.84.34.96
477,Merilee,De Vile,mdeviled8@census.gov,Female,39.63.193.34
478,Dolf,Burhouse,dburhoused9@ovh.net,Male,187.126.169.253
479,Jinny,Comben,jcombenda@lulu.com,Female,178.112.121.100
480,Husein,Bramhall,hbramhalldb@soundcloud.com,Male,230.172.153.223
481,Aguistin,Patershall,apatershalldc@wordpress.org,Male,20.116.164.44
482,Sonya,Hallwood,shallwooddd@miitbeian.gov.cn,Female,14.89.170.203
483,Torrey,Wiggans,twiggansde@harvard.edu,Male,253.232.154.206
484,Karmen,Siemons,ksiemonsdf@nasa.gov,Female,250.177.113.10
485,Abe,Bottoner,abottonerdg@miitbeian.gov.cn,Male,128.120.181.129
486,Vonnie,Simone,vsimonedh@hao123.com,Female,53.67.78.135
487,Laurene,Babst,lbabstdi@w3.org,Female,25.237.242.164
488,Faulkner,Lewcock,flewcockdj@biblegateway.com,Male,99.76.20.238
489,Padget,Avarne,pavarnedk@ow.ly,Male,221.183.76.162
490,Marje,Drysdell,mdrysdelldl@networksolutions.com,Female,118.25.108.245
491,Ediva,Kilshall,ekilshalldm@canalblog.com,Female,215.98.223.231
492,Fredric,Palfreman,fpalfremandn@privacy.gov.au,Male,8.232.86.149
493,Lewes,Harsnipe,lharsnipedo@google.co.jp,Male,131.128.180.25
494,Graig,Mithan,gmithandp@ovh.net,Male,218.248.240.12
495,Fidel,Shergill,fshergilldq@usgs.gov,Male,15.187.202.252
496,Kayley,Reading,kreadingdr@xrea.com,Female,109.217.44.151
497,Nellie,Rumke,nrumkeds@ucsd.edu,Female,60.138.87.210
498,Alleyn,Aubert,aaubertdt@liveinternet.ru,Male,188.41.71.130
499,Karmen,Dinnies,kdinniesdu@skype.com,Female,177.108.9.76
500,Lauralee,Haldene,lhaldenedv@techcrunch.com,Female,187.191.141.179
501,Teddie,Vowles,tvowlesdw@fastcompany.com,Male,196.101.76.147
502,Ira,Hundell,ihundelldx@booking.com,Female,72.150.44.212
503,Blithe,Medford,bmedforddy@imdb.com,Female,114.188.105.18
504,Shurwood,Fyfe,sfyfedz@reuters.com,Male,50.148.108.99
505,Wayland,Raphael,wraphaele0@foxnews.com,Male,184.153.59.19
506,Melissa,Ransbury,mransburye1@goo.gl,Female,35.57.213.131
507,Isa,Scotchforth,iscotchforthe2@themeforest.net,Male,195.184.249.154
508,Vernen,Banner,vbannere3@amazon.co.jp,Male,199.213.84.77
509,Ingar,Ierland,iierlande4@wikispaces.com,Male,244.241.124.198
510,Daniella,Fain,dfaine5@netlog.com,Female,191.110.111.120
511,Fredra,Tant,ftante6@disqus.com,Female,200.102.76.85
512,Shayne,MacPhee,smacpheee7@smugmug.com,Female,89.123.157.249
513,Kimmy,Stockau,kstockaue8@csmonitor.com,Female,72.104.174.228
514,Ogdan,Kairns,okairnse9@vk.com,Male,20.167.66.90
515,Vachel,Postance,vpostanceea@skype.com,Male,227.62.125.241
516,Luke,Yakunchikov,lyakunchikoveb@ucsd.edu,Male,148.225.134.2
517,Gladys,Doyle,gdoyleec@fda.gov,Female,208.78.222.73
518,Briney,Oscroft,boscrofted@creativecommons.org,Female,17.136.123.178
519,Aluin,Perrone,aperroneee@godaddy.com,Male,181.72.76.96
520,Alexandre,Brose,abroseef@washingtonpost.com,Male,248.200.170.170
521,Terri-jo,Dahlman,tdahlmaneg@china.com.cn,Female,50.189.104.240
522,Kayla,Fysh,kfysheh@123-reg.co.uk,Female,106.55.235.3
523,Ram,Ivantyev,rivantyevei@walmart.com,Male,63.230.48.86
524,Callean,Schwander,cschwanderej@mapquest.com,Male,22.63.89.159
525,Weber,Caunt,wcauntek@acquirethisname.com,Male,118.86.233.4
526,Giuseppe,Martinets,gmartinetsel@simplemachines.org,Male,169.155.15.174
527,Matias,Buzin,mbuzinem@taobao.com,Male,200.89.78.79
528,Paola,Kelsey,pkelseyen@yahoo.com,Female,224.215.204.154
529,Shane,Manneville,smannevilleeo@japanpost.jp,Male,190.53.168.85
530,Orren,Shevels,oshevelsep@goodreads.com,Male,237.133.227.143
531,Briney,Meeny,bmeenyeq@nytimes.com,Female,44.57.235.181
532,Edy,Cornelleau,ecornelleauer@virginia.edu,Female,8.170.3.227
533,Alexa,Blagbrough,ablagbroughes@home.pl,Female,75.222.132.174
534,Janith,Abelevitz,jabelevitzet@whitehouse.gov,Female,124.234.65.247
535,Nobe,Cheng,nchengeu@skype.com,Male,119.202.244.157
536,Antonius,Sidon,asidonev@fema.gov,Male,198.176.253.135
537,Fowler,Urion,furionew@last.fm,Male,221.49.141.72
538,Sonny,Treherne,streherneex@wunderground.com,Male,176.186.11.213
539,Lusa,Powdrell,lpowdrelley@4shared.com,Female,163.214.249.85
540,Mozelle,Bonham,mbonhamez@livejournal.com,Female,152.66.171.15
541,Madalena,Novakovic,mnovakovicf0@cargocollective.com,Female,131.47.163.82
542,Joyce,Harford,jharfordf1@livejournal.com,Female,169.100.21.35
543,Sophie,Longwood,slongwoodf2@angelfire.com,Female,86.244.35.150
544,Ferd,Longo,flongof3@princeton.edu,Male,104.146.179.68
545,Silvanus,Pope,spopef4@blogs.com,Male,21.145.134.153
546,Pauli,Wickardt,pwickardtf5@booking.com,Female,25.52.143.133
547,Kipper,Cowterd,kcowterdf6@yellowpages.com,Male,188.198.176.128
548,Maurice,Bonas,mbonasf7@ehow.com,Male,1.197.9.86
549,Calv,Abbate,cabbatef8@i2i.jp,Male,46.222.204.19
550,Alvan,Bindin,abindinf9@wisc.edu,Male,38.36.173.188
551,Zacharia,Toovey,ztooveyfa@imageshack.us,Male,75.27.49.97
552,Bartie,Moorman,bmoormanfb@wsj.com,Male,221.63.20.90
553,Esther,Iglesia,eiglesiafc@surveymonkey.com,Female,199.53.138.202
554,Merle,Nosworthy,mnosworthyfd@nytimes.com,Male,248.46.94.111
555,Paddie,Bertolaccini,pbertolaccinife@yahoo.com,Male,136.156.103.88
556,Rudyard,Pearmain,rpearmainff@dropbox.com,Male,171.53.254.143
557,Cinda,Boothe,cboothefg@lycos.com,Female,17.179.62.4
558,Deny,Yo,dyofh@omniture.com,Female,244.76.251.181
559,Robinia,Hardison,rhardisonfi@sun.com,Female,186.251.196.226
560,Anastasie,Adnet,aadnetfj@constantcontact.com,Female,149.241.81.116
561,York,Di Biaggi,ydibiaggifk@ed.gov,Male,78.251.77.225
562,Gilles,Layne,glaynefl@bloglines.com,Male,214.80.97.176
563,Elicia,Barge,ebargefm@bluehost.com,Female,155.112.190.252
564,Yelena,Beardmore,ybeardmorefn@arstechnica.com,Female,50.42.4.110
565,Dorie,Elington,delingtonfo@elegantthemes.com,Female,138.208.220.45
566,Farley,Fesby,ffesbyfp@hao123.com,Male,136.237.209.7
567,Christine,Peoples,cpeoplesfq@google.com.br,Female,238.96.135.169
568,Odille,Grigoliis,ogrigoliisfr@answers.com,Female,48.245.157.210
569,Celine,Atteridge,catteridgefs@dot.gov,Female,178.144.241.218
570,Brocky,Druhan,bdruhanft@altervista.org,Male,62.38.54.47
571,Granthem,Magauran,gmagauranfu@cam.ac.uk,Male,254.248.94.241
572,Hasty,Ruddin,hruddinfv@harvard.edu,Male,225.48.112.61
573,Sissie,Duchart,sduchartfw@who.int,Female,87.181.217.239
574,Samuel,Bisp,sbispfx@yahoo.com,Male,17.77.34.58
575,Chris,Prendergast,cprendergastfy@posterous.com,Male,88.121.73.122
576,Harrie,Meeron,hmeeronfz@wufoo.com,Female,243.37.91.21
577,Bruis,Cicccitti,bcicccittig0@google.de,Male,66.53.142.134
578,Randell,Wastling,rwastlingg1@odnoklassniki.ru,Male,192.146.45.46
579,Daisy,Earney,dearneyg2@dell.com,Female,129.228.152.236
580,Katalin,Hawthorn,khawthorng3@1und1.de,Female,106.172.108.106
581,Job,Janousek,jjanousekg4@usa.gov,Male,25.159.248.191
582,Cary,Lazenby,clazenbyg5@state.tx.us,Female,210.121.86.38
583,Amitie,Frizell,afrizellg6@comsenz.com,Female,51.237.4.134
584,Felipe,Crosfeld,fcrosfeldg7@tripod.com,Male,95.0.68.227
585,Freeland,Rasp,fraspg8@house.gov,Male,229.157.15.172
586,Annmarie,Kittel,akittelg9@technorati.com,Female,62.192.201.37
587,Enrica,Cushion,ecushionga@ebay.com,Female,234.236.200.142
588,Louisette,Gronaver,lgronavergb@linkedin.com,Female,180.200.69.165
589,Mavra,Eede,meedegc@g.co,Female,150.33.26.230
590,Emlen,Mairs,emairsgd@nyu.edu,Male,15.149.182.206
591,Dylan,Scantlebury,dscantleburyge@hhs.gov,Male,73.178.89.35
592,Nappy,Haycroft,nhaycroftgf@craigslist.org,Male,85.232.115.219
593,Hedwig,Pidgeon,hpidgeongg@mlb.com,Female,2.101.225.79
594,Saidee,Sambidge,ssambidgegh@google.pl,Female,85.114.138.101
595,Jdavie,Innerstone,jinnerstonegi@cam.ac.uk,Male,167.43.155.219
596,Noel,Wanless,nwanlessgj@google.it,Male,237.22.106.196
597,Petra,Sands,psandsgk@liveinternet.ru,Female,146.62.108.194
598,Augustine,Gealle,ageallegl@reuters.com,Female,33.55.90.49
599,Clayton,Elijahu,celijahugm@google.cn,Male,78.193.5.79
600,Kora,Seekings,kseekingsgn@wsj.com,Female,99.254.83.113
601,Eolanda,Rhodef,erhodefgo@netlog.com,Female,235.187.84.22
602,Barth,Spiers,bspiersgp@princeton.edu,Male,212.224.217.206
603,Marylou,Inott,minottgq@un.org,Female,95.10.2.76
604,Peggi,Clemett,pclemettgr@ibm.com,Female,211.45.208.17
605,Wendy,Goldberg,wgoldberggs@jalbum.net,Female,59.167.133.185
606,Lacey,Urlich,lurlichgt@indiegogo.com,Female,117.86.193.35
607,Welch,Lamperti,wlampertigu@cnbc.com,Male,53.44.6.210
608,Baldwin,Janik,bjanikgv@weebly.com,Male,239.100.113.220
609,Berni,Maudett,bmaudettgw@jugem.jp,Female,155.14.22.236
610,Nicolette,Slyford,nslyfordgx@alibaba.com,Female,137.41.12.178
611,Teddy,Osmon,tosmongy@sourceforge.net,Female,51.197.105.52
612,Edi,Broose,ebroosegz@1und1.de,Female,197.160.208.79
613,Sallyanne,Rooson,sroosonh0@hugedomains.com,Female,84.161.95.229
614,Bernita,Godsal,bgodsalh1@indiegogo.com,Female,226.210.152.40
615,Sofia,Wisson,swissonh2@vistaprint.com,Female,27.86.11.31
616,Weylin,Bawden,wbawdenh3@godaddy.com,Male,79.177.181.248
617,Winfield,Glendining,wglendiningh4@un.org,Male,234.119.61.175
618,Amerigo,Kramer,akramerh5@taobao.com,Male,59.66.183.147
619,Constancy,Corkan,ccorkanh6@jigsy.com,Female,226.209.184.42
620,Woodrow,Blanchard,wblanchardh7@google.ca,Male,186.252.176.237
621,Gonzalo,Pittendreigh,gpittendreighh8@csmonitor.com,Male,205.87.138.161
622,Tarra,Pateman,tpatemanh9@wikipedia.org,Female,63.36.67.75
623,Rafe,Nutten,rnuttenha@unicef.org,Male,192.111.30.2
624,Gallagher,Bearblock,gbearblockhb@go.com,Male,88.34.110.24
625,Katharyn,Tallis,ktallishc@state.gov,Female,177.200.66.72
626,Cyndy,Mosedale,cmosedalehd@people.com.cn,Female,251.153.190.101
627,Konstantine,Hutley,khutleyhe@unblog.fr,Male,201.220.25.189
628,Kerrin,Hallwell,khallwellhf@nifty.com,Female,152.255.190.160
629,Adham,Redley,aredleyhg@cdbaby.com,Male,0.101.110.207
630,Jan,Boyd,jboydhh@narod.ru,Male,174.6.224.244
631,Alastair,Gethin,agethinhi@narod.ru,Male,221.167.63.17
632,Bethany,de Clercq,bdeclercqhj@reuters.com,Female,11.79.31.131
633,Verna,Ravenscroftt,vravenscroftthk@ehow.com,Female,79.84.198.255
634,Kylen,Draye,kdrayehl@yellowbook.com,Female,56.203.15.70
635,Sim,Pawelek,spawelekhm@bloglines.com,Male,110.212.77.223
636,Maybelle,Whitaker,mwhitakerhn@uol.com.br,Female,224.107.73.15
637,Udall,Rentoul,urentoulho@symantec.com,Male,186.9.225.23
638,Dewey,Addington,daddingtonhp@engadget.com,Male,129.92.109.169
639,Granger,Petts,gpettshq@arstechnica.com,Male,0.230.253.76
640,Garrot,Della Scala,gdellascalahr@plala.or.jp,Male,249.250.207.106
641,Hedda,Westgate,hwestgatehs@flickr.com,Female,190.222.152.190
642,Merrili,Tonkes,mtonkesht@engadget.com,Female,6.53.70.255
643,Cara,Soulsby,csoulsbyhu@ebay.com,Female,17.29.185.153
644,Dorrie,Maddicks,dmaddickshv@hibu.com,Female,30.188.13.208
645,Fritz,Renfrew,frenfrewhw@home.pl,Male,36.146.230.10
646,Ronnie,Bolley,rbolleyhx@usda.gov,Female,108.73.47.236
647,Hendrika,Fieldgate,hfieldgatehy@360.cn,Female,37.160.127.206
648,Fernanda,Hordle,fhordlehz@storify.com,Female,78.84.103.100
649,Arlina,Pegram,apegrami0@ustream.tv,Female,242.241.224.224
650,Knox,Kiehnlt,kkiehnlti1@netvibes.com,Male,38.129.238.91
651,Nicky,Ivachyov,nivachyovi2@cbsnews.com,Male,208.231.192.58
652,Yoshi,Bernollet,ybernolleti3@hao123.com,Female,33.87.32.199
653,Fanechka,Lauder,flauderi4@t.co,Female,239.19.72.157
654,Lincoln,Ilyin,lilyini5@npr.org,Male,162.175.248.44
655,Hyacinthe,Danihel,hdaniheli6@utexas.edu,Female,104.228.7.197
656,Letti,Rosenbusch,lrosenbuschi7@google.ca,Female,90.236.191.20
657,Chariot,Espadate,cespadatei8@prlog.org,Male,195.125.10.82
658,Deeyn,Henningham,dhenninghami9@people.com.cn,Female,12.51.208.208
659,Kakalina,Grinter,kgrinteria@cbc.ca,Female,185.112.230.255
660,Darcey,Becraft,dbecraftib@dmoz.org,Female,29.133.5.200
661,Quintana,Bole,qboleic@cnbc.com,Female,251.1.37.82
662,Paulie,Boldra,pboldraid@a8.net,Female,67.226.140.7
663,Gauthier,McIver,gmciverie@fda.gov,Male,124.169.62.173
664,Jim,Plak,jplakif@163.com,Male,50.188.93.189
665,Alexei,MacRury,amacruryig@nhs.uk,Male,79.204.152.105
666,Alysia,Rist,aristih@umich.edu,Female,171.27.223.143
667,Adolphe,Hanlon,ahanlonii@tmall.com,Male,91.137.213.27
668,Teddy,Di Domenico,tdidomenicoij@comcast.net,Male,178.83.154.230
669,Bertina,Ruslen,bruslenik@mac.com,Female,252.217.224.181
670,Eli,Dowda,edowdail@tuttocitta.it,Male,129.245.27.107
671,Caria,Thompson,cthompsonim@pbs.org,Female,12.199.217.222
672,Terza,Tittershill,ttittershillin@salon.com,Female,161.230.208.25
673,Tomasina,Wattam,twattamio@usgs.gov,Female,212.182.29.173
674,Roxane,Harp,rharpip@gravatar.com,Female,44.65.48.59
675,Lee,Giffon,lgiffoniq@technorati.com,Female,36.205.247.45
676,Sadella,Hymans,shymansir@mozilla.org,Female,35.111.115.31
677,Dulcea,Enticknap,denticknapis@fotki.com,Female,16.250.177.115
678,Pietro,Brownsword,pbrownswordit@toplist.cz,Male,122.3.133.8
679,Broddy,Danzelman,bdanzelmaniu@ucla.edu,Male,49.61.64.52
680,Zolly,Aldwick,zaldwickiv@oakley.com,Male,106.40.236.46
681,Linell,Pottage,lpottageiw@hhs.gov,Female,236.98.139.128
682,Harriott,Watkin,hwatkinix@ow.ly,Female,155.131.31.87
683,Neddy,Milbourne,nmilbourneiy@ihg.com,Male,114.90.129.62
684,Priscilla,D'Ruel,pdrueliz@europa.eu,Female,59.46.103.89
685,Teriann,Krauss,tkraussj0@paginegialle.it,Female,252.9.70.44
686,Millisent,Sire,msirej1@unc.edu,Female,166.197.76.205
687,Marylynne,Lesmonde,mlesmondej2@tuttocitta.it,Female,126.84.66.124
688,Missy,Pauleit,mpauleitj3@lycos.com,Female,164.137.246.1
689,Berkeley,Bache,bbachej4@economist.com,Male,42.30.233.121
690,Jemie,Slatford,jslatfordj5@xrea.com,Female,70.78.44.170
691,Amalee,Wybourne,awybournej6@amazon.co.uk,Female,176.228.17.185
692,Stewart,Blaxter,sblaxterj7@ebay.co.uk,Male,165.135.243.166
693,Freddie,Tatlock,ftatlockj8@cbsnews.com,Male,111.217.177.53
694,Noble,Ceaser,nceaserj9@cloudflare.com,Male,33.144.205.151
695,Estelle,Hanssmann,ehanssmannja@virginia.edu,Female,4.41.98.45
696,Iggy,Taillant,itaillantjb@artisteer.com,Male,10.33.5.21
697,Karole,Dell 'Orto,kdellortojc@i2i.jp,Female,221.14.56.92
698,Esmaria,Samarth,esamarthjd@amazonaws.com,Female,125.219.53.97
699,Debor,Rexworthy,drexworthyje@go.com,Female,24.27.57.188
700,Abbott,Bjorkan,abjorkanjf@infoseek.co.jp,Male,201.31.104.33
701,Morgan,Vicker,mvickerjg@amazon.de,Male,58.184.61.149
702,Barbee,Melan,bmelanjh@hud.gov,Female,21.160.239.80
703,Amos,Hammell,ahammellji@engadget.com,Male,164.67.159.26
704,Adora,Larcher,alarcherjj@cloudflare.com,Female,100.145.66.71
705,Hubie,Scrimshaw,hscrimshawjk@umn.edu,Male,177.207.140.79
706,Cecile,McGonigal,cmcgonigaljl@kickstarter.com,Female,72.222.125.255
707,Kristofer,Overton,kovertonjm@dot.gov,Male,11.248.59.53
708,Ive,Smorthit,ismorthitjn@msn.com,Male,190.48.87.82
709,Giuseppe,Chaldecott,gchaldecottjo@nytimes.com,Male,1.16.24.159
710,Patric,Frape,pfrapejp@cocolog-nifty.com,Male,121.245.231.73
711,Caldwell,Donativo,cdonativojq@nytimes.com,Male,126.70.120.246
712,Brander,Vink,bvinkjr@bloglovin.com,Male,132.143.78.3
713,Harriett,Baradel,hbaradeljs@soup.io,Female,177.109.233.181
714,Clyve,Baudichon,cbaudichonjt@comcast.net,Male,23.48.53.254
715,Denise,Kohter,dkohterju@icio.us,Female,182.142.7.183
716,Keane,Willisch,kwillischjv@1und1.de,Male,239.237.48.66
717,Lorna,Braisted,lbraistedjw@stanford.edu,Female,165.47.58.195
718,Cari,Leander,cleanderjx@exblog.jp,Female,9.236.38.246
719,Yule,Nail,ynailjy@scientificamerican.com,Male,111.11.50.118
720,Callida,Arson,carsonjz@histats.com,Female,53.174.157.236
721,Sergeant,Witherby,switherbyk0@seattletimes.com,Male,246.37.203.227
722,Beckie,Prigmore,bprigmorek1@upenn.edu,Female,73.124.17.217
723,Waring,Grogono,wgrogonok2@sciencedaily.com,Male,110.98.59.48
724,Elianora,Kuhl,ekuhlk3@surveymonkey.com,Female,162.210.207.29
725,Teddie,Konke,tkonkek4@telegraph.co.uk,Male,216.30.154.18
726,Robyn,Brasher,rbrasherk5@vistaprint.com,Female,94.215.122.128
727,Ailee,Sich,asichk6@odnoklassniki.ru,Female,159.222.15.240
728,Elwood,Mattin,emattink7@ed.gov,Male,253.33.221.159
729,Milt,Titterington,mtitteringtonk8@xrea.com,Male,192.104.93.113
730,Brooke,Schutze,bschutzek9@europa.eu,Male,161.63.41.111
731,Petronilla,Barnewall,pbarnewallka@github.com,Female,84.54.92.27
732,Thaxter,Rymmer,trymmerkb@sina.com.cn,Male,232.32.46.58
733,Win,Wyness,wwynesskc@google.com.hk,Male,214.218.109.247
734,Dolly,Jahner,djahnerkd@cornell.edu,Female,61.144.26.149
735,Joanie,Gallico,jgallicoke@amazon.co.jp,Female,112.177.174.28
736,Bernardo,Peter,bpeterkf@newsvine.com,Male,235.99.159.235
737,Park,Tresvina,ptresvinakg@amazonaws.com,Male,230.15.172.52
738,Kelly,Lasty,klastykh@ezinearticles.com,Male,93.140.194.235
739,Concordia,Dangl,cdanglki@example.com,Female,61.31.48.108
740,Obadias,Malthus,omalthuskj@bravesites.com,Male,203.122.200.7
741,Janeen,Achurch,jachurchkk@spotify.com,Female,251.217.28.198
742,Marni,Merry,mmerrykl@intel.com,Female,91.2.73.104
743,Freida,Reith,freithkm@google.co.uk,Female,131.122.56.94
744,Giustina,McAdam,gmcadamkn@jiathis.com,Female,228.30.70.107
745,Orion,Coupman,ocoupmanko@constantcontact.com,Male,7.132.184.213
746,Delinda,Joanic,djoanickp@xrea.com,Female,26.96.65.173
747,Jean,Hauxby,jhauxbykq@si.edu,Female,182.253.69.156
748,Richard,Dunwoody,rdunwoodykr@newsvine.com,Male,80.127.185.161
749,Arluene,Tweedie,atweedieks@jugem.jp,Female,135.53.125.191
750,Tally,Krauss,tkrausskt@mashable.com,Male,224.83.134.79
751,Eduard,De Giovanni,edegiovanniku@eepurl.com,Male,72.117.211.104
752,Jacintha,Woodrough,jwoodroughkv@senate.gov,Female,25.187.251.253
753,Morten,Clayill,mclayillkw@mozilla.org,Male,16.91.110.39
754,Casper,MacGraith,cmacgraithkx@cornell.edu,Male,45.46.221.197
755,Peadar,Rishman,prishmanky@wordpress.com,Male,243.22.203.109
756,Sheba,Golden,sgoldenkz@ning.com,Female,179.196.144.29
757,Hugo,Brobyn,hbrobynl0@1und1.de,Male,241.216.77.161
758,Hobie,Klasen,hklasenl1@businessinsider.com,Male,128.156.62.247
759,Cesaro,Fakeley,cfakeleyl2@exblog.jp,Male,12.76.205.13
760,Marcello,Teek,mteekl3@hugedomains.com,Male,130.254.99.136
761,Katha,Rosenfeld,krosenfeldl4@blogs.com,Female,94.147.135.155
762,Franky,McGreay,fmcgreayl5@businesswire.com,Female,97.172.27.131
763,Rupert,Alsford,ralsfordl6@lycos.com,Male,168.166.143.24
764,Meridel,Dell Casa,mdellcasal7@pinterest.com,Female,106.87.39.42
765,Sherrie,Fabry,sfabryl8@google.ru,Female,54.60.185.11
766,Ode,Primrose,oprimrosel9@surveymonkey.com,Male,121.125.66.170
767,Toma,Sollars,tsollarsla@google.fr,Female,22.63.174.203
768,Kean,Mountjoy,kmountjoylb@usnews.com,Male,138.105.146.114
769,Sibel,Quene,squenelc@netvibes.com,Female,251.16.239.75
770,Hali,Elbourne,helbourneld@opera.com,Female,91.117.251.186
771,Pearle,Nono,pnonole@reference.com,Female,88.141.3.244
772,Valerye,Waters,vwaterslf@blogger.com,Female,2.3.174.44
773,Leonanie,Aubray,laubraylg@ucoz.com,Female,35.209.200.166
774,Tracey,Perotti,tperottilh@feedburner.com,Female,230.40.56.121
775,Jarvis,Faldoe,jfaldoeli@slashdot.org,Male,83.74.193.98
776,Ferris,Dael,fdaellj@cisco.com,Male,55.206.34.254
777,Sylvan,Straneo,sstraneolk@unicef.org,Male,153.236.137.181
778,Emmet,Wigsell,ewigsellll@examiner.com,Male,195.210.249.9
779,Cherice,Cotmore,ccotmorelm@163.com,Female,34.217.28.204
780,Hilton,Paolazzi,hpaolazziln@nbcnews.com,Male,162.231.81.100
781,Chick,Rakestraw,crakestrawlo@simplemachines.org,Male,0.5.29.99
782,Amalle,Rollason,arollasonlp@tumblr.com,Female,81.102.247.87
783,Leonhard,Harnell,lharnelllq@ifeng.com,Male,125.22.57.251
784,Ramonda,Ginsie,rginsielr@reference.com,Female,58.194.92.36
785,Rees,Emes,remesls@europa.eu,Male,238.113.107.234
786,Catlaina,Moncey,cmonceylt@weebly.com,Female,231.172.85.56
787,Nichole,Whacket,nwhacketlu@mediafire.com,Female,12.28.224.111
788,Aigneis,Bastie,abastielv@cdbaby.com,Female,241.64.126.102
789,Dell,Caughte,dcaughtelw@devhub.com,Male,246.56.13.59
790,Hort,Withers,hwitherslx@seattletimes.com,Male,74.212.6.84
791,Nathalia,Gasperi,ngasperily@pagesperso-orange.fr,Female,96.0.128.81
792,Aubrette,Hunnisett,ahunnisettlz@altervista.org,Female,155.36.153.169
793,Eleanor,Kippie,ekippiem0@kickstarter.com,Female,195.132.136.15
794,Xylia,McComb,xmccombm1@geocities.com,Female,174.219.235.196
795,Olia,Spon,osponm2@fema.gov,Female,196.1.96.1
796,Ricoriki,Fiddyment,rfiddymentm3@tumblr.com,Male,130.91.65.194
797,Patrice,Monkman,pmonkmanm4@odnoklassniki.ru,Male,220.67.37.112
798,Viviana,Breissan,vbreissanm5@webmd.com,Female,4.23.186.186
799,Jeannie,Klimuk,jklimukm6@telegraph.co.uk,Female,255.81.71.74
800,Silvano,Kennaway,skennawaym7@telegraph.co.uk,Male,34.220.221.160
801,Charyl,Britian,cbritianm8@marketwatch.com,Female,109.115.179.61
802,Gordan,Booton,gbootonm9@bing.com,Male,74.41.158.81
803,Moria,O'Gready,mogreadyma@wisc.edu,Female,66.145.152.170
804,Justus,Kelso,jkelsomb@stanford.edu,Male,37.196.132.4
805,Leopold,Baccup,lbaccupmc@kickstarter.com,Male,181.49.17.114
806,Inglis,Flewin,iflewinmd@rediff.com,Male,5.27.118.250
807,Merola,Polendine,mpolendineme@unicef.org,Female,244.68.7.129
808,Zebulen,Yarn,zyarnmf@redcross.org,Male,214.75.99.131
809,Elysia,Butting,ebuttingmg@ameblo.jp,Female,174.90.212.58
810,Sandro,Hambrick,shambrickmh@sogou.com,Male,61.115.113.253
811,Adelle,Magrannell,amagrannellmi@aol.com,Female,228.77.219.123
812,Kienan,Woloschin,kwoloschinmj@moonfruit.com,Male,235.158.134.190
813,Donnamarie,Rance,drancemk@google.pl,Female,128.223.195.155
814,Iseabal,Baxendale,ibaxendaleml@symantec.com,Female,153.234.219.82
815,Florina,Maffia,fmaffiamm@opensource.org,Female,14.96.255.164
816,Garik,Sidgwick,gsidgwickmn@engadget.com,Male,107.65.47.181
817,Fremont,Weavill,fweavillmo@woothemes.com,Male,133.95.145.16
818,Melessa,Le Cornu,mlecornump@istockphoto.com,Female,232.194.23.184
819,Joyous,Bradick,jbradickmq@cbslocal.com,Female,72.90.28.24
820,Harp,Tawton,htawtonmr@twitpic.com,Male,213.127.79.175
821,Cletis,Charte,cchartems@creativecommons.org,Male,187.199.151.136
822,Giraud,Stiffell,gstiffellmt@jugem.jp,Male,187.57.221.32
823,Reagen,Storrier,rstorriermu@netlog.com,Male,162.27.95.138
824,Abbey,Pilkinton,apilkintonmv@example.com,Female,126.116.82.92
825,Maure,Davidovics,mdavidovicsmw@about.com,Female,74.43.162.165
826,Gerard,Gladwin,ggladwinmx@reverbnation.com,Male,167.122.131.72
827,Sutherlan,Bilsland,sbilslandmy@sitemeter.com,Male,81.73.89.231
828,Ealasaid,Haythorne,ehaythornemz@is.gd,Female,188.26.78.246
829,Brose,Daniel,bdanieln0@flickr.com,Male,58.65.98.39
830,Halsy,Manus,hmanusn1@sina.com.cn,Male,109.111.189.122
831,Manda,Rayment,mraymentn2@spotify.com,Female,213.250.35.53
832,Consuela,Slyme,cslymen3@engadget.com,Female,69.129.202.166
833,Manuel,Bremmer,mbremmern4@unc.edu,Male,76.85.171.166
834,Abelard,Chiles,achilesn5@google.fr,Male,187.28.69.230
835,Ryun,Hadny,rhadnyn6@infoseek.co.jp,Male,219.244.176.122
836,Winslow,Santhouse,wsanthousen7@symantec.com,Male,168.148.109.113
837,Urban,Ginnally,uginnallyn8@va.gov,Male,207.222.40.220
838,Gerhardt,Balkwill,gbalkwilln9@va.gov,Male,74.6.16.213
839,Ingeberg,Halkyard,ihalkyardna@deviantart.com,Female,187.46.19.102
840,Keriann,Caselli,kcasellinb@cloudflare.com,Female,199.162.121.141
841,Janna,Aggiss,jaggissnc@google.it,Female,130.2.245.168
842,Tamiko,Fenck,tfencknd@hc360.com,Female,226.140.122.243
843,Gretta,Woods,gwoodsne@mapy.cz,Female,186.122.198.96
844,Wylma,Zecchi,wzecchinf@freewebs.com,Female,9.24.141.220
845,Eduardo,Soden,esodenng@nytimes.com,Male,62.233.90.122
846,Darrelle,Wank,dwanknh@xing.com,Female,64.150.29.228
847,Eal,MacGorley,emacgorleyni@com.com,Male,187.9.105.172
848,Kara,Hurne,khurnenj@marriott.com,Female,223.168.51.225
849,Miquela,Lowes,mlowesnk@flavors.me,Female,27.81.171.150
850,Daniella,Towner,dtownernl@sogou.com,Female,83.106.181.131
851,Grissel,Haddrill,ghaddrillnm@privacy.gov.au,Female,176.32.158.246
852,Bree,Zanre,bzanrenn@eepurl.com,Female,151.3.175.172
853,Verge,Banister,vbanisterno@shareasale.com,Male,43.126.7.254
854,Lind,Maffin,lmaffinnp@pbs.org,Male,120.201.55.231
855,Selina,Lashmar,slashmarnq@nsw.gov.au,Female,45.193.149.142
856,Kelly,Sunshine,ksunshinenr@ed.gov,Male,176.229.43.238
857,Noak,Kyllford,nkyllfordns@reference.com,Male,229.109.23.228
858,Marc,Pellamont,mpellamontnt@t.co,Male,89.161.70.177
859,Charmaine,Trengrouse,ctrengrousenu@wikispaces.com,Female,66.197.111.117
860,Mitchael,Gabler,mgablernv@pen.io,Male,49.75.127.232
861,Rosa,Pegden,rpegdennw@ucoz.ru,Female,134.32.112.202
862,Ajay,Allred,aallrednx@hibu.com,Female,126.132.167.155
863,Honor,Keates,hkeatesny@psu.edu,Female,238.81.135.192
864,Matthus,Konig,mkonignz@miibeian.gov.cn,Male,103.107.194.211
865,Kass,Champe,kchampeo0@feedburner.com,Female,89.21.196.169
866,Blancha,Redier,brediero1@desdev.cn,Female,145.103.174.173
867,Edmon,Smillie,esmillieo2@behance.net,Male,227.182.50.164
868,Scottie,Warsap,swarsapo3@g.co,Male,122.56.165.31
869,Fran,Chettle,fchettleo4@youtu.be,Male,144.248.14.117
870,Terencio,Halbord,thalbordo5@wsj.com,Male,198.46.196.228
871,Gertrudis,Landes,glandeso6@chronoengine.com,Female,27.72.130.145
872,Dahlia,Linning,dlinningo7@slate.com,Female,227.198.186.81
873,Barbi,Haworth,bhawortho8@vistaprint.com,Female,223.110.250.79
874,Lonny,Broadberry,lbroadberryo9@toplist.cz,Male,38.97.211.32
875,Randall,Pleat,rpleatoa@scientificamerican.com,Male,85.175.77.113
876,Bartolemo,Shrimplin,bshrimplinob@discovery.com,Male,158.166.147.10
877,Everett,McKeand,emckeandoc@vkontakte.ru,Male,69.171.108.207
878,Binnie,Plomer,bplomerod@taobao.com,Female,184.161.193.246
879,Tannie,Kedge,tkedgeoe@baidu.com,Male,158.242.42.37
880,Micheal,Huckett,mhuckettof@shinystat.com,Male,194.139.36.128
881,Evangelin,Becks,ebecksog@eepurl.com,Female,59.61.109.52
882,Neel,Valek,nvalekoh@deliciousdays.com,Male,205.135.68.184
883,Sophey,Ellyatt,sellyattoi@com.com,Female,105.136.81.163
884,Dore,Mulqueen,dmulqueenoj@japanpost.jp,Male,106.170.81.92
885,Ravi,Broughton,rbroughtonok@marketwatch.com,Male,30.18.65.223
886,Finn,Gravey,fgraveyol@prnewswire.com,Male,124.121.200.91
887,Portia,Westnedge,pwestnedgeom@themeforest.net,Female,69.31.5.101
888,Zeke,Althorp,zalthorpon@aol.com,Male,19.185.97.100
889,Basilio,Sales,bsalesoo@dedecms.com,Male,229.83.65.79
890,Gui,Shipton,gshiptonop@dyndns.org,Female,115.40.76.106
891,Ernesto,Hackford,ehackfordoq@census.gov,Male,29.207.112.23
892,Micheal,Vater,mvateror@facebook.com,Male,93.96.61.178
893,Krishnah,Frizell,kfrizellos@jalbum.net,Male,68.42.155.42
894,Ulberto,Foxwell,ufoxwellot@shutterfly.com,Male,51.156.40.6
895,Casie,De Dantesie,cdedantesieou@bloglovin.com,Female,250.219.183.203
896,Chris,Ezzle,cezzleov@icq.com,Male,32.143.114.12
897,Ingamar,Orht,iorhtow@miitbeian.gov.cn,Male,252.93.200.136
898,Aindrea,Simyson,asimysonox@imageshack.us,Female,114.18.52.225
899,Perri,Scoggins,pscogginsoy@wikipedia.org,Female,209.255.250.93
900,Valentino,Goghin,vgoghinoz@hao123.com,Male,17.105.248.240
901,Lindsey,Doxey,ldoxeyp0@newyorker.com,Male,213.118.97.183
902,Deeann,Atkinson,datkinsonp1@un.org,Female,70.46.105.255
903,Aubrie,Clackers,aclackersp2@dedecms.com,Female,0.14.145.112
904,Simonette,Haxell,shaxellp3@intel.com,Female,231.2.234.150
905,Dewitt,Duxbarry,dduxbarryp4@ftc.gov,Male,30.39.156.196
906,Jayne,Dibson,jdibsonp5@apple.com,Female,217.65.132.35
907,Casi,Guillet,cguilletp6@diigo.com,Female,212.204.92.182
908,Leontyne,Ellum,lellump7@opensource.org,Female,237.18.38.194
909,Grethel,Oldridge,goldridgep8@blog.com,Female,128.78.129.195
910,Kat,McMichael,kmcmichaelp9@aboutads.info,Female,201.37.255.141
911,Desmond,Riolfo,driolfopa@columbia.edu,Male,146.231.191.215
912,Eldin,Greenslade,egreensladepb@oaic.gov.au,Male,146.7.179.186
913,Byrom,Lucas,blucaspc@eventbrite.com,Male,232.124.225.73
914,Elmo,Tanzig,etanzigpd@ca.gov,Male,31.40.13.44
915,Loleta,MacCombe,lmaccombepe@zimbio.com,Female,142.20.131.94
916,Gertrudis,Sarney,gsarneypf@senate.gov,Female,94.213.49.215
917,Trudie,Grob,tgrobpg@springer.com,Female,41.199.22.174
918,Alasteir,Haxby,ahaxbyph@purevolume.com,Male,162.163.186.60
919,Sarita,Kennford,skennfordpi@bluehost.com,Female,147.35.4.11
920,Sergei,Couve,scouvepj@pen.io,Male,4.66.119.230
921,Meg,Dudeney,mdudeneypk@w3.org,Female,207.87.91.166
922,Benn,Brandolini,bbrandolinipl@ucsd.edu,Male,17.13.83.180
923,Joe,Sager,jsagerpm@t.co,Male,46.103.13.150
924,Eddie,Bosomworth,ebosomworthpn@cdbaby.com,Male,146.193.76.160
925,Gale,Gwyneth,ggwynethpo@storify.com,Male,212.91.226.34
926,Gay,Wyard,gwyardpp@opera.com,Female,69.43.74.144
927,Rad,Romand,rromandpq@auda.org.au,Male,149.108.11.191
928,Mirabelle,Gilder,mgilderpr@stumbleupon.com,Female,147.18.165.179
929,Floris,Assad,fassadps@prnewswire.com,Female,69.199.189.139
930,Carr,Hubbold,chubboldpt@delicious.com,Male,16.224.235.120
931,Vittoria,Furness,vfurnesspu@chronoengine.com,Female,57.192.193.71
932,Martyn,Curryer,mcurryerpv@hao123.com,Male,149.28.84.155
933,Laina,Cholton,lcholtonpw@weibo.com,Female,50.143.197.8
934,Hyacinth,Barczynski,hbarczynskipx@usnews.com,Female,137.209.181.124
935,Elinor,Gatheral,egatheralpy@howstuffworks.com,Female,198.50.174.120
936,Jordain,Pentony,jpentonypz@pen.io,Female,30.160.92.60
937,Lonee,Blose,lbloseq0@latimes.com,Female,52.225.106.19
938,Zsazsa,Lantaph,zlantaphq1@bloglovin.com,Female,227.206.36.246
939,Vinnie,Guido,vguidoq2@posterous.com,Male,162.103.223.130
940,Lyndy,Mowen,lmowenq3@weibo.com,Female,82.249.197.199
941,Dorelia,Spragge,dspraggeq4@spotify.com,Female,223.143.35.230
942,Kania,Watkiss,kwatkissq5@kickstarter.com,Female,213.112.46.161
943,Hayes,Openshaw,hopenshawq6@networkadvertising.org,Male,27.99.86.222
944,Sisely,Chong,schongq7@google.de,Female,177.168.214.247
945,Harmonie,Henricsson,hhenricssonq8@usnews.com,Female,164.128.230.168
946,Bobbette,MacKnockiter,bmacknockiterq9@about.com,Female,172.239.198.225
947,Holly,O'Keevan,hokeevanqa@netscape.com,Female,130.16.65.34
948,Clementia,Juggings,cjuggingsqb@loc.gov,Female,26.55.124.171
949,Lorin,Bingley,lbingleyqc@umn.edu,Male,102.98.187.196
950,Carola,Spurrett,cspurrettqd@amazon.de,Female,8.97.169.23
951,Eleen,Scoines,escoinesqe@wikia.com,Female,42.103.144.89
952,Modesty,Boorman,mboormanqf@squidoo.com,Female,76.81.14.132
953,Veronike,Rubertis,vrubertisqg@forbes.com,Female,211.129.230.155
954,Deirdre,Vel,dvelqh@cafepress.com,Female,175.242.112.73
955,Elvin,Dickerson,edickersonqi@altervista.org,Male,193.169.212.152
956,Isidro,Widdall,iwiddallqj@qq.com,Male,24.173.121.173
957,Sherwynd,Darragh,sdarraghqk@constantcontact.com,Male,74.59.129.96
958,Toby,McWhan,tmcwhanql@seesaa.net,Female,139.225.76.237
959,Clyde,Byles,cbylesqm@w3.org,Male,5.56.214.1
960,Kippie,Brehault,kbrehaultqn@reference.com,Male,60.136.255.245
961,Yurik,Bransdon,ybransdonqo@gizmodo.com,Male,227.150.207.227
962,Corrie,Beaman,cbeamanqp@mapquest.com,Male,206.188.26.27
963,Merlina,Pullar,mpullarqq@arstechnica.com,Female,81.218.27.6
964,Barney,Gaddie,bgaddieqr@bandcamp.com,Male,205.123.224.215
965,Langston,Bramer,lbramerqs@mashable.com,Male,85.131.49.76
966,Rivi,Sissot,rsissotqt@twitter.com,Female,91.112.13.34
967,Garwin,Espinal,gespinalqu@pbs.org,Male,249.212.180.78
968,Jud,Nerval,jnervalqv@tamu.edu,Male,234.195.33.88
969,Josephine,Dederich,jdederichqw@rakuten.co.jp,Female,73.99.19.188
970,Frederica,Vallens,fvallensqx@cmu.edu,Female,228.202.2.135
971,Rowan,Antoney,rantoneyqy@skype.com,Male,73.90.228.165
972,Khalil,Caddan,kcaddanqz@weibo.com,Male,179.203.224.174
973,Tarah,Klimentyonok,tklimentyonokr0@123-reg.co.uk,Female,30.125.187.156
974,Daryl,Gillott,dgillottr1@flickr.com,Male,51.144.86.156
975,Nollie,Mathwin,nmathwinr2@washington.edu,Male,88.64.124.151
976,Emeline,Battie,ebattier3@quantcast.com,Female,65.182.56.153
977,Krispin,Bootes,kbootesr4@reuters.com,Male,111.129.29.29
978,Roselia,Guarnier,rguarnierr5@wix.com,Female,200.106.21.141
979,Antonina,Pudding,apuddingr6@adobe.com,Female,178.59.221.31
980,Cahra,Axelbee,caxelbeer7@about.com,Female,30.108.219.84
981,Kareem,Lumber,klumberr8@bigcartel.com,Male,58.26.154.174
982,Karlene,Vader,kvaderr9@dedecms.com,Female,96.65.151.228
983,Valle,Alchin,valchinra@ucoz.com,Male,188.136.102.222
984,Lenore,O'Cassidy,locassidyrb@deviantart.com,Female,121.171.223.190
985,Agathe,Stollwerck,astollwerckrc@ocn.ne.jp,Female,184.78.73.16
986,Nerti,Badger,nbadgerrd@dion.ne.jp,Female,110.242.28.14
987,Tibold,McBeith,tmcbeithre@timesonline.co.uk,Male,253.217.236.23
988,Ruprecht,Jenken,rjenkenrf@yolasite.com,Male,23.129.74.61
989,Bram,Arkcoll,barkcollrg@instagram.com,Male,154.104.80.225
990,Trixi,Sanbrooke,tsanbrookerh@uiuc.edu,Female,42.222.119.118
991,Esme,Saunton,esauntonri@youtu.be,Female,36.28.185.58
992,Libby,Pirri,lpirrirj@economist.com,Female,101.118.77.213
993,Ring,Batch,rbatchrk@about.com,Male,218.131.100.229
994,Cornell,Franckton,cfrancktonrl@geocities.jp,Male,102.246.240.178
995,Tessi,Greenstock,tgreenstockrm@bandcamp.com,Female,123.26.92.120
996,Clemmy,Kelland,ckellandrn@blogger.com,Male,180.161.121.119
997,Eula,Van Velde,evanveldero@hibu.com,Female,72.109.94.118
998,Wolf,Flaubert,wflaubertrp@cam.ac.uk,Male,46.152.93.146
999,Brandyn,Standeven,bstandevenrq@dailymotion.com,Male,99.80.246.208
1000,Stevie,Ashington,sashingtonrr@printfriendly.com,Male,171.35.136.106
